<?xml version="1.0" encoding="utf-8"?>
<modification>
    <name>GetSale Modification</name>
    <code>getsale_modification</code>
    <version>1.0.0</version>
    <author>GetSale Team</author>
    <link>https://getsale.io/</link>
    <file path="catalog/controller/checkout/cart.php">
        <operation>
            <search>
                <![CDATA[$json['success'] = sprintf($this->language->get('text_success'), $this->url->link('product/product', 'product_id=' . $this->request->post['product_id']), $product_info['name'], $this->url->link('checkout/cart'));]]></search>
            <add position="after">
                <![CDATA[$json['success'] .= "<script type='text/javascript'>document.cookie='GETSALE_ADD=Y; path =/;'; console.log('cookie-add-to-cart');</script>";]]></add>
        </operation>
        <operation>
            <search index="1">
                <![CDATA[$json['total'] = sprintf($this->language->get('text_items'), $this->cart->countProducts() + (isset($this->session->data['vouchers']) ? count($this->session->data['vouchers']) : 0), $this->currency->format($total, $this->session->data['currency']));]]></search>
            <add position="after">
                <![CDATA[$json['total'] .= "<script type='text/javascript'>document.cookie='GETSALE_DEL=Y; path =/;';</script>";]]></add>
        </operation>
        <operation>
            <search index="1">
                <![CDATA[$json['total'] = sprintf($this->language->get('text_items'), $this->cart->countProducts() + (isset($this->session->data['vouchers']) ? count($this->session->data['vouchers']) : 0), $this->currency->format($total));]]></search>
            <add position="after">
                <![CDATA[$json['total'] .= "<script type='text/javascript'>document.cookie='GETSALE_DEL=Y; path =/;';</script>";]]></add>
        </operation>
    </file>
    <file path="catalog/view/theme/*/template/product/category.tpl">
        <operation>
            <search><![CDATA[<div class="container">]]></search>
            <add position="after"><![CDATA[<script type="text/javascript">(function(w, c) {w[c] = w[c] || [];w[c].push(function(getSale) {getSale.event('cat-view');console.log('cat-view');});})(window, 'getSaleCallbacks');</script>]]></add>
        </operation>
    </file>
    <file path="catalog/view/theme/*/template/checkout/checkout.tpl">
        <operation>
            <search>
                <![CDATA[var shipping_address = $('#payment-address input[name=\'shipping_address\']:checked').prop('value');]]></search>
            <add position="before" offset="1">
                <![CDATA[(function(w, c) {w[c] = w[c] || [];w[c].push(function(getSale) {getSale.event('user-reg'); console.log('user-reg');});})(window, 'getSaleCallbacks');]]></add>
        </operation>
    </file>
    <file path="catalog/view/theme/*/template/product/product.tpl">
        <operation>
            <search><![CDATA[<div class="container">]]></search>
            <add position="after"><![CDATA[<script>
(function(w, c) {
    w[c] = w[c] || [];
    w[c].push(function(getSale) {
        getSale.event('item-view');
        console.log('item-view');
    });
})(window, 'getSaleCallbacks');
</script>]]></add>
        </operation>
    </file>
    <file path="catalog/controller/checkout/register.php">
        <operation>
            <search>
                <![CDATA[$data['button_upload'] = $this->language->get('button_upload');]]></search>
            <add position="before">
                <![CDATA[$data['getsale_script'] = "<script>(function(w, c) {w[c] = w[c] || [];w[c].push(function(getSale) {getSale.event('user-reg'); console.log('user-reg');});})(window, 'getSaleCallbacks');</script>";]]></add>
        </operation>
    </file>

    <file path="catalog/controller/checkout/success.php">
        <operation>
            <search>
                <![CDATA[$data['button_continue'] = $this->language->get('button_continue');]]></search>
            <add position="after">
                <![CDATA[$data['button_continue'] .= "<script>(function(w, c) {w[c] = w[c] || [];w[c].push(function(getSale) {getSale.event('success-order'); console.log('success-order');});})(window, 'getSaleCallbacks');</script>";]]></add>
        </operation>
    </file>

    <file path="catalog/controller/account/success.php">
        <operation>
            <search>
                <![CDATA[$data['button_continue'] = $this->language->get('button_continue');]]></search>
            <add position="after">
                <![CDATA[$data['button_continue'] .= "<script>(function(w, c) {w[c] = w[c] || [];w[c].push(function(getSale) {getSale.event('user-reg'); console.log('user-reg');});})(window, 'getSaleCallbacks');</script>";]]></add>
        </operation>
    </file>

    <file path="catalog/controller/common/header.php">
        <operation>
            <search>
                <![CDATA[$data['title'] = $this->document->getTitle();]]></search>
            <add position="after">
                <![CDATA[$data['getsale_code'] = $this->load->controller('module/getsale');]]></add>
        </operation>
    </file>

    <file path="catalog/view/theme/*/template/common/header.tpl">
        <operation>
            <search>
                <![CDATA[<body class="<?php echo $class; ?>">]]></search>
            <add position="after">
                <![CDATA[<?php echo $getsale_code;?>
<script type = 'text/javascript'>
$(document).ready(function() {
function getsalegetCookie(name) {
    var matches = document.cookie.match(new RegExp("(?:^|; )" + name.replace(/([.$?*|{}()[]\/+^])/g, '$1') + "=([^;]*)"));
    return matches ? decodeURIComponent(matches[1]) : 'N';
}
var getsale_del = getsalegetCookie('GETSALE_DEL');
if (getsale_del && getsale_del == 'Y') {
(function(w, c) {
    w[c] = w[c] || [];w[c].push(function(getSale) {
        getSale.event('del-from-cart');
        console.log('del-from-cart');
    });
})(window, 'getSaleCallbacks');
document.cookie = 'GETSALE_DEL=N; path=/;';
}

var getsale_add = getsalegetCookie('GETSALE_ADD');
if (getsale_add && getsale_add == 'Y') {
(function(w, c) {
    w[c] = w[c] || [];w[c].push(function(getSale) {
        getSale.event('add-to-cart');
        console.log('add-to-cart');
    });
})(window, 'getSaleCallbacks');
document.cookie = 'GETSALE_ADD=N; path=/;';
}

});
</script>
]]></add>
        </operation>
    </file>
</modification>
